<?xml version="1.0" encoding="UTF-8"?>
<project-private xmlns="http://www.netbeans.org/ns/project-private/1">
    <editor-bookmarks xmlns="http://www.netbeans.org/ns/editor-bookmarks/2" lastBookmarkId="0"/>
    <open-files xmlns="http://www.netbeans.org/ns/projectui-open-files/2">
        <group>
            <file>file:/C:/Users/CodeWizard/Documents/NetBeansProjects/Registration/Registration/src/Science.java</file>
            <file>file:/C:/Users/CodeWizard/Documents/NetBeansProjects/Registration/Registration/src/Education.java</file>
            <file>file:/C:/Users/CodeWizard/Documents/NetBeansProjects/Registration/Registration/src/Reg.java</file>
            <file>file:/C:/Users/CodeWizard/Documents/NetBeansProjects/Registration/Registration/src/Sport.java</file>
            <file>file:/C:/Users/CodeWizard/Documents/NetBeansProjects/Registration/Registration/src/Entertainment.java</file>
        </group>
    </open-files>
</project-private>
